{
  "SQuAD (Short)": {
    "ROUGE-L": 0.25673367666045677,
    "BLEU-4": 0.0,
    "METEOR": 0.265808752989398,
    "BERTScore": 0.8945007085800171
  },
  "HotpotQA (Complex)": {
    "ROUGE-L": 0.19429361754617688,
    "BLEU-4": 0.02476995248924149,
    "METEOR": 0.2255676618902131,
    "BERTScore": 0.8643426251411438
  }
}